5,1
5,1
5,1
5,1
5,1
5,1
5,1
5,1
5,1
5,1
5,1
5,1
5,1
5,1
7,1
4,1
4,1
4,1
4,1
4,1
4,1
4,1
4,1
4,1
4,1
4,1
8,1
5,1
5,1
5,1
5,1
5,1
5,1
5,1
5,1
5,1
5,1
5,1
5,1
5,1
5,1
11,1
11,1
11,1
6,1
6,1
6,1
6,1
6,1
6,1
6,1
6,1
6,1
6,1
6,1
6,1
10,1
10,1
4,1
4,1
4,1
4,1
4,1
4,1
4,1
4,1
4,1
4,1
4,1
4,1
4,1
9,1
9,1
6,1
6,1
6,1
6,1
6,1
6,1
6,1
6,1
6,1
6,1
6,1
6,1
6,1
12,1
1,1
1,1
1,1
1,1
1,1
1,1
1,1
1,1
1,1
1,1
1,1
1,1
1,1
1,1
1,1
1,1
1,1
1,1
1,1
1,1
1,1
1,1
1,1
1,1
1,1
1,1
1,1
1,1
1,1
1,1
1,1
1,1
1,1
1,1
1,1
1,1
1,1
1,1
1,1
1,1
1,1
1,1
1,1
1,1
1,1
1,1
1,1
3,1
3,1
3,1
3,1
3,1
3,1
3,1
3,1
3,1
2,1
2,1
2,1
2,1
2,1
2,1
2,1
2,1
3,1
3,1
3,1
3,1
3,1
3,1
3,1
3,1
2,1
2,1
2,1
2,1
2,1
2,1
2,1
2,1
2,1
3,1
3,1
3,1
3,1
3,1
3,1
3,1
3,1
2,1
2,1
2,1
2,1
2,1
2,1
2,1
2,1
2,1
5,1
5,1
5,1
5,1
5,1
5,1
5,1
5,1
5,1
5,1
5,1
5,1
5,1
5,1
7,1
7,1
4,1
4,1
4,1
4,1
4,1
4,1
4,1
4,1
4,1
4,1
4,1
8,1
5,1
5,1
5,1
5,1
5,1
5,1
5,1
5,1
5,1
5,1
5,1
5,1
5,1
11,1
11,1
11,1
6,1
6,1
6,1
6,1
6,1
6,1
6,1
6,1
6,1
6,1
6,1
6,1
10,1
4,1
4,1
4,1
4,1
4,1
4,1
4,1
4,1
4,1
4,1
4,1
4,1
9,1
9,1
6,1
6,1
6,1
6,1
6,1
6,1
6,1
6,1
6,1
6,1
6,1
12,1
12,1
1,1
1,1
1,1
1,1
1,1
1,1
1,1
1,1
1,1
1,1
1,1
1,1
1,1
1,1
1,1
1,1
1,1
1,1
1,1
1,1
1,1
1,1
1,1
1,1
1,1
1,1
1,1
1,1
1,1
1,1
1,1
1,1
1,1
1,1
1,1
1,1
1,1
1,1
1,1
1,1
1,1
1,1
1,1
1,1
1,1
1,1
1,1
1,1
3,1
3,1
3,1
3,1
3,1
3,1
3,1
2,1
2,1
2,1
2,1
2,1
2,1
2,1
2,1
2,1
3,1
3,1
3,1
3,1
3,1
3,1
3,1
3,1
3,1
2,1
2,1
2,1
2,1
2,1
2,1
2,1
2,1
2,1
3,1
3,1
3,1
3,1
3,1
3,1
3,1
3,1
2,1
2,1
2,1
2,1
2,1
2,1
2,1
2,1
2,1
5,3
5,3
5,3
5,3
5,3
5,3
5,3
5,3
5,3
5,3
5,3
5,3
5,3
5,3
5,3
5,3
7,3
4,3
4,3
4,3
4,3
4,3
4,3
4,3
4,3
4,3
4,3
4,3
4,3
5,3
5,3
5,3
5,3
5,3
5,3
5,3
5,3
5,3
5,3
5,3
5,3
5,3
5,3
5,3
5,3
11,3
11,3
6,3
6,3
6,3
6,3
6,3
6,3
6,3
6,3
6,3
6,3
6,3
6,3
6,3
6,3
10,3
10,3
4,3
4,3
4,3
4,3
4,3
4,3
4,3
4,3
4,3
4,3
4,3
4,3
4,3
4,3
9,3
6,3
6,3
6,3
6,3
6,3
6,3
6,3
6,3
6,3
6,3
6,3
6,3
6,3
6,3
6,3
6,3
6,3
12,3
1,3
1,3
1,3
1,3
1,3
1,3
1,3
1,3
1,3
1,3
1,3
1,3
1,3
1,3
1,3
1,3
1,3
1,3
1,3
1,3
1,3
1,3
1,3
1,3
1,3
1,3
1,3
1,3
1,3
1,3
1,3
2,3
2,3
2,3
2,3
2,3
2,3
2,3
2,3
2,3
3,3
3,3
3,3
3,3
3,3
3,3
3,3
3,3
2,3
2,3
2,3
2,3
2,3
2,3
2,3
2,3
3,3
3,3
3,3
3,3
3,3
3,3
3,3
3,3
2,3
2,3
2,3
2,3
2,3
2,3
2,3
2,3
2,3
3,3
3,3
3,3
3,3
3,3
3,3
3,3
2,3
2,3
2,3
2,3
2,3
2,3
2,3
2,3
5,3
5,3
5,3
5,3
5,3
5,3
5,3
5,3
5,3
5,3
5,3
5,3
5,3
5,3
7,3
4,3
4,3
4,3
4,3
4,3
4,3
4,3
4,3
4,3
4,3
4,3
4,3
8,3
5,3
5,3
5,3
5,3
5,3
5,3
5,3
5,3
5,3
5,3
5,3
5,3
5,3
5,3
5,3
5,3
5,3
11,3
11,3
6,3
6,3
6,3
6,3
6,3
6,3
6,3
6,3
6,3
6,3
6,3
6,3
6,3
6,3
6,3
6,3
10,3
10,3
4,3
4,3
4,3
4,3
4,3
4,3
4,3
4,3
4,3
4,3
4,3
4,3
4,3
4,3
9,3
6,3
6,3
6,3
6,3
6,3
6,3
6,3
6,3
6,3
6,3
6,3
6,3
6,3
6,3
6,3
6,3
12,3
1,3
1,3
1,3
1,3
1,3
1,3
1,3
1,3
1,3
1,3
1,3
1,3
1,3
1,3
1,3
1,3
1,3
1,3
1,3
1,3
1,3
1,3
1,3
1,3
1,3
1,3
1,3
3,3
3,3
3,3
3,3
3,3
3,3
3,3
3,3
3,3
2,3
2,3
2,3
2,3
2,3
2,3
2,3
2,3
2,3
3,3
3,3
3,3
3,3
3,3
3,3
3,3
3,3
3,3
2,3
2,3
2,3
2,3
2,3
2,3
2,3
2,3
3,3
3,3
3,3
3,3
3,3
3,3
3,3
3,3
2,3
2,3
2,3
2,3
2,3
2,3
2,3
2,3
5,5
5,5
5,5
5,5
5,5
5,5
5,5
5,5
5,5
5,5
5,5
5,5
5,5
5,5
5,5
7,5
4,5
4,5
4,5
4,5
4,5
4,5
4,5
4,5
4,5
4,5
4,5
5,5
5,5
5,5
5,5
5,5
5,5
5,5
5,5
5,5
5,5
5,5
5,5
5,5
5,5
11,5
11,5
11,5
11,5
6,5
6,5
6,5
6,5
6,5
6,5
6,5
6,5
6,5
6,5
6,5
6,5
6,5
10,5
10,5
10,5
4,5
4,5
4,5
4,5
4,5
4,5
4,5
4,5
4,5
4,5
4,5
9,5
9,5
6,5
6,5
6,5
6,5
6,5
6,5
6,5
6,5
6,5
6,5
6,5
6,5
6,5
6,5
12,5
1,5
1,5
1,5
1,5
1,5
1,5
1,5
1,5
1,5
1,5
1,5
1,5
1,5
1,5
1,5
1,5
1,5
1,5
1,5
1,5
1,5
1,5
1,5
1,5
1,5
1,5
1,5
1,5
1,5
1,5
3,5
3,5
3,5
3,5
3,5
3,5
3,5
3,5
3,5
2,5
2,5
2,5
2,5
2,5
2,5
2,5
2,5
2,5
3,5
3,5
3,5
3,5
3,5
3,5
3,5
3,5
2,5
2,5
2,5
2,5
2,5
2,5
2,5
2,5
3,5
3,5
3,5
3,5
3,5
3,5
3,5
3,5
2,5
2,5
2,5
2,5
2,5
2,5
2,5
2,5
5,5
5,5
5,5
5,5
5,5
5,5
5,5
5,5
5,5
5,5
5,5
5,5
5,5
5,5
7,5
7,5
4,5
4,5
4,5
4,5
4,5
4,5
4,5
4,5
4,5
4,5
4,5
8,5
5,5
5,5
5,5
5,5
5,5
5,5
5,5
5,5
5,5
5,5
5,5
5,5
5,5
5,5
11,5
11,5
11,5
6,5
6,5
6,5
6,5
6,5
6,5
6,5
6,5
6,5
6,5
6,5
6,5
10,5
10,5
4,5
4,5
4,5
4,5
4,5
4,5
4,5
4,5
4,5
4,5
9,5
9,5
9,5
6,5
6,5
6,5
6,5
6,5
6,5
6,5
6,5
6,5
6,5
6,5
6,5
12,5
1,5
1,5
1,5
1,5
1,5
1,5
1,5
1,5
1,5
1,5
1,5
1,5
1,5
1,5
1,5
1,5
1,5
1,5
1,5
1,5
1,5
1,5
1,5
1,5
1,5
1,5
3,5
3,5
3,5
3,5
3,5
3,5
3,5
3,5
2,5
2,5
2,5
2,5
2,5
2,5
2,5
2,5
3,5
3,5
3,5
3,5
3,5
3,5
3,5
2,5
2,5
2,5
2,5
2,5
2,5
2,5
3,5
3,5
3,5
3,5
3,5
3,5
3,5
2,5
2,5
2,5
2,5
2,5
2,5
2,5
5,6
5,6
5,6
5,6
5,6
5,6
5,6
5,6
5,6
5,6
5,6
5,6
5,6
7,6
4,6
4,6
4,6
4,6
4,6
4,6
4,6
4,6
4,6
4,6
4,6
4,6
4,6
4,6
5,6
5,6
5,6
5,6
5,6
5,6
5,6
5,6
5,6
5,6
5,6
5,6
5,6
5,6
5,6
5,6
5,6
5,6
11,6
11,6
11,6
6,6
6,6
6,6
6,6
6,6
6,6
6,6
6,6
6,6
6,6
6,6
6,6
6,6
10,6
4,6
4,6
4,6
4,6
4,6
4,6
4,6
4,6
4,6
4,6
4,6
4,6
4,6
4,6
4,6
9,6
6,6
6,6
6,6
6,6
6,6
6,6
6,6
6,6
6,6
6,6
6,6
6,6
6,6
6,6
6,6
12,6
1,6
1,6
1,6
1,6
1,6
1,6
1,6
1,6
1,6
1,6
1,6
1,6
1,6
1,6
1,6
1,6
1,6
1,6
1,6
1,6
1,6
1,6
1,6
1,6
1,6
1,6
1,6
1,6
1,6
3,6
3,6
3,6
3,6
3,6
3,6
3,6
3,6
2,6
2,6
2,6
2,6
2,6
2,6
2,6
2,6
2,6
3,6
3,6
3,6
3,6
3,6
3,6
3,6
3,6
2,6
2,6
2,6
2,6
2,6
2,6
2,6
2,6
3,6
3,6
3,6
3,6
3,6
3,6
3,6
3,6
2,6
2,6
2,6
2,6
2,6
2,6
2,6
2,6
2,6
5,6
5,6
5,6
5,6
5,6
5,6
5,6
5,6
5,6
5,6
5,6
5,6
5,6
5,6
7,6
4,6
4,6
4,6
4,6
4,6
4,6
4,6
4,6
4,6
4,6
4,6
4,6
8,6
5,6
5,6
5,6
5,6
5,6
5,6
5,6
5,6
5,6
5,6
5,6
5,6
5,6
11,6
11,6
11,6
6,6
6,6
6,6
6,6
6,6
6,6
6,6
6,6
6,6
6,6
6,6
6,6
6,6
10,6
4,6
4,6
4,6
4,6
4,6
4,6
4,6
4,6
4,6
4,6
4,6
4,6
4,6
4,6
4,6
9,6
6,6
6,6
6,6
6,6
6,6
6,6
6,6
6,6
6,6
6,6
6,6
6,6
6,6
6,6
6,6
12,6
12,6
1,6
1,6
1,6
1,6
1,6
1,6
1,6
1,6
1,6
1,6
1,6
1,6
1,6
1,6
1,6
1,6
1,6
1,6
1,6
1,6
1,6
1,6
1,6
1,6
1,6
1,6
1,6
1,6
3,6
3,6
3,6
3,6
3,6
3,6
3,6
3,6
2,6
2,6
2,6
2,6
2,6
2,6
2,6
2,6
2,6
3,6
3,6
3,6
3,6
3,6
3,6
3,6
3,6
2,6
2,6
2,6
2,6
2,6
2,6
2,6
2,6
3,6
3,6
3,6
3,6
3,6
3,6
3,6
3,6
2,6
2,6
2,6
2,6
2,6
2,6
2,6
2,6
5,7
5,7
5,7
5,7
5,7
5,7
5,7
5,7
5,7
5,7
5,7
5,7
5,7
5,7
5,7
4,7
4,7
4,7
4,7
4,7
4,7
4,7
4,7
4,7
4,7
4,7
4,7
5,7
5,7
5,7
5,7
5,7
5,7
5,7
5,7
5,7
5,7
5,7
5,7
5,7
11,7
11,7
6,7
6,7
6,7
6,7
6,7
6,7
6,7
6,7
6,7
6,7
6,7
6,7
6,7
10,7
4,7
4,7
4,7
4,7
4,7
4,7
4,7
4,7
4,7
4,7
4,7
4,7
4,7
9,7
9,7
9,7
6,7
6,7
6,7
6,7
6,7
6,7
6,7
6,7
6,7
6,7
6,7
6,7
6,7
12,7
12,7
1,7
1,7
1,7
1,7
1,7
1,7
1,7
1,7
1,7
1,7
1,7
1,7
1,7
1,7
1,7
1,7
1,7
1,7
1,7
1,7
1,7
1,7
1,7
1,7
1,7
1,7
1,7
1,7
1,7
3,7
3,7
3,7
3,7
3,7
3,7
3,7
3,7
3,7
3,7
2,7
2,7
2,7
2,7
2,7
2,7
2,7
2,7
2,7
2,7
3,7
3,7
3,7
3,7
3,7
3,7
3,7
3,7
2,7
2,7
2,7
2,7
2,7
2,7
2,7
2,7
3,7
3,7
3,7
3,7
3,7
3,7
3,7
2,7
2,7
2,7
2,7
2,7
2,7
2,7
2,7
5,7
5,7
5,7
5,7
5,7
5,7
5,7
5,7
5,7
5,7
5,7
5,7
4,7
4,7
4,7
4,7
4,7
4,7
4,7
4,7
4,7
4,7
4,7
4,7
5,7
5,7
5,7
5,7
5,7
5,7
5,7
5,7
5,7
5,7
5,7
5,7
5,7
5,7
11,7
11,7
6,7
6,7
6,7
6,7
6,7
6,7
6,7
6,7
6,7
6,7
6,7
6,7
4,7
4,7
4,7
4,7
4,7
4,7
4,7
4,7
4,7
4,7
9,7
6,7
6,7
6,7
6,7
6,7
6,7
6,7
6,7
6,7
6,7
6,7
6,7
12,7
1,7
1,7
1,7
1,7
1,7
1,7
1,7
1,7
1,7
1,7
1,7
1,7
1,7
1,7
1,7
1,7
1,7
1,7
1,7
1,7
1,7
1,7
1,7
1,7
1,7
1,7
1,7
1,7
3,7
3,7
3,7
3,7
3,7
3,7
3,7
3,7
2,7
2,7
2,7
2,7
2,7
2,7
2,7
2,7
2,7
3,7
3,7
3,7
3,7
3,7
3,7
3,7
2,7
2,7
2,7
2,7
2,7
2,7
2,7
2,7
3,7
3,7
3,7
3,7
3,7
3,7
3,7
2,7
2,7
2,7
2,7
2,7
2,7
2,7
2,7
5,8
5,8
5,8
5,8
5,8
5,8
5,8
5,8
5,8
5,8
5,8
5,8
5,8
4,8
4,8
4,8
4,8
4,8
4,8
4,8
4,8
5,8
5,8
5,8
5,8
5,8
5,8
5,8
5,8
5,8
5,8
5,8
11,8
11,8
6,8
6,8
6,8
6,8
6,8
6,8
6,8
6,8
6,8
6,8
6,8
6,8
6,8
10,8
4,8
4,8
4,8
4,8
4,8
4,8
4,8
4,8
4,8
4,8
4,8
4,8
4,8
4,8
9,8
6,8
6,8
6,8
6,8
6,8
6,8
6,8
6,8
6,8
6,8
6,8
6,8
6,8
12,8
1,8
1,8
1,8
1,8
1,8
1,8
1,8
1,8
1,8
1,8
1,8
1,8
1,8
1,8
1,8
1,8
1,8
1,8
1,8
1,8
1,8
1,8
1,8
1,8
3,8
3,8
3,8
3,8
3,8
3,8
3,8
2,8
2,8
2,8
2,8
2,8
2,8
2,8
3,8
3,8
3,8
3,8
3,8
3,8
2,8
2,8
2,8
2,8
2,8
2,8
2,8
3,8
3,8
3,8
3,8
3,8
3,8
3,8
2,8
2,8
2,8
2,8
2,8
2,8
2,8
5,8
5,8
5,8
5,8
5,8
5,8
5,8
5,8
5,8
5,8
5,8
5,8
5,8
5,8
5,8
5,8
7,8
4,8
4,8
4,8
4,8
4,8
4,8
4,8
4,8
4,8
4,8
5,8
5,8
5,8
5,8
5,8
5,8
5,8
5,8
5,8
5,8
5,8
5,8
5,8
5,8
5,8
5,8
5,8
11,8
11,8
6,8
6,8
6,8
6,8
6,8
6,8
6,8
6,8
6,8
6,8
6,8
6,8
6,8
10,8
4,8
4,8
4,8
4,8
4,8
4,8
4,8
4,8
4,8
4,8
4,8
4,8
4,8
9,8
6,8
6,8
6,8
6,8
6,8
6,8
6,8
6,8
6,8
6,8
6,8
6,8
6,8
6,8
6,8
6,8
10,8
1,8
1,8
1,8
1,8
1,8
1,8
1,8
1,8
1,8
1,8
1,8
1,8
1,8
1,8
1,8
1,8
1,8
1,8
1,8
1,8
1,8
1,8
1,8
1,8
3,8
3,8
3,8
3,8
3,8
3,8
2,8
2,8
2,8
2,8
2,8
2,8
2,8
2,8
3,8
3,8
3,8
3,8
3,8
3,8
2,8
2,8
2,8
2,8
2,8
2,8
3,8
3,8
3,8
3,8
3,8
3,8
2,8
2,8
2,8
2,8
2,8
2,8
5,11
5,11
5,11
5,11
5,11
5,11
5,11
5,11
5,11
5,11
5,11
7,11
4,11
4,11
4,11
4,11
4,11
4,11
4,11
4,11
4,11
4,11
4,11
4,11
4,11
4,11
8,11
5,11
5,11
5,11
5,11
5,11
5,11
5,11
5,11
5,11
5,11
5,11
5,11
11,11
11,11
6,11
6,11
6,11
6,11
6,11
6,11
6,11
6,11
6,11
6,11
6,11
6,11
6,11
6,11
10,11
4,11
4,11
4,11
4,11
4,11
4,11
4,11
4,11
4,11
4,11
4,11
4,11
9,11
6,11
6,11
6,11
6,11
6,11
6,11
6,11
6,11
6,11
6,11
6,11
6,11
6,11
6,11
6,11
6,11
12,11
1,11
1,11
1,11
1,11
1,11
1,11
1,11
1,11
1,11
1,11
1,11
1,11
1,11
1,11
1,11
1,11
1,11
1,11
1,11
1,11
1,11
1,11
1,11
1,11
1,11
1,11
1,11
1,11
1,11
3,11
3,11
3,11
3,11
3,11
3,11
3,11
2,11
2,11
2,11
2,11
2,11
2,11
2,11
2,11
3,11
3,11
3,11
3,11
3,11
3,11
3,11
2,11
2,11
2,11
2,11
2,11
2,11
2,11
2,11
2,11
3,11
3,11
3,11
3,11
3,11
3,11
3,11
3,11
2,11
2,11
2,11
2,11
2,11
2,11
2,11
2,11
2,11
5,11
5,11
5,11
5,11
5,11
5,11
5,11
5,11
5,11
5,11
5,11
5,11
5,11
5,11
7,11
4,11
4,11
4,11
4,11
4,11
4,11
4,11
4,11
4,11
4,11
4,11
4,11
4,11
4,11
4,11
8,11
5,11
5,11
5,11
5,11
5,11
5,11
5,11
5,11
5,11
5,11
5,11
5,11
5,11
11,11
6,11
6,11
6,11
6,11
6,11
6,11
6,11
6,11
6,11
6,11
6,11
6,11
6,11
6,11
6,11
6,11
10,11
10,11
4,11
4,11
4,11
4,11
4,11
4,11
4,11
4,11
4,11
4,11
4,11
4,11
4,11
9,11
9,11
6,11
6,11
6,11
6,11
6,11
6,11
6,11
6,11
6,11
6,11
6,11
6,11
12,11
12,11
1,11
1,11
1,11
1,11
1,11
1,11
1,11
1,11
1,11
1,11
1,11
1,11
1,11
1,11
1,11
1,11
1,11
1,11
1,11
1,11
1,11
1,11
1,11
1,11
1,11
1,11
1,11
1,11
1,11
1,11
3,11
3,11
3,11
3,11
3,11
3,11
3,11
3,11
2,11
2,11
2,11
2,11
2,11
2,11
2,11
2,11
2,11
3,11
3,11
3,11
3,11
3,11
3,11
3,11
3,11
2,11
2,11
2,11
2,11
2,11
2,11
2,11
2,11
2,11
3,11
3,11
3,11
3,11
3,11
3,11
3,11
3,11
2,11
2,11
2,11
2,11
2,11
2,11
2,11
2,11
2,11
2,11
5,14
5,14
5,14
5,14
5,14
5,14
5,14
5,14
5,14
5,14
5,14
5,14
5,14
5,14
5,14
5,14
5,14
7,14
7,14
7,14
4,14
4,14
4,14
4,14
4,14
4,14
4,14
4,14
4,14
4,14
4,14
4,14
8,14
5,14
5,14
5,14
5,14
5,14
5,14
5,14
5,14
5,14
5,14
5,14
5,14
5,14
5,14
11,14
11,14
11,14
11,14
6,14
6,14
6,14
6,14
6,14
6,14
6,14
6,14
6,14
6,14
6,14
6,14
10,14
10,14
4,14
4,14
4,14
4,14
4,14
4,14
4,14
4,14
4,14
4,14
4,14
4,14
4,14
9,14
9,14
9,14
6,14
6,14
6,14
6,14
6,14
6,14
6,14
6,14
6,14
6,14
6,14
12,14
12,14
12,14
1,14
1,14
1,14
1,14
1,14
1,14
1,14
1,14
1,14
1,14
1,14
1,14
1,14
1,14
1,14
1,14
1,14
1,14
1,14
1,14
1,14
1,14
1,14
1,14
1,14
1,14
1,14
1,14
1,14
1,14
3,14
3,14
3,14
3,14
3,14
3,14
3,14
3,14
2,14
2,14
2,14
2,14
2,14
2,14
2,14
2,14
2,14
3,14
3,14
3,14
3,14
3,14
3,14
3,14
3,14
2,14
2,14
2,14
2,14
2,14
2,14
2,14
2,14
2,14
3,14
3,14
3,14
3,14
3,14
3,14
3,14
3,14
2,14
2,14
2,14
2,14
2,14
2,14
2,14
2,14
2,14
5,14
5,14
5,14
5,14
5,14
5,14
5,14
5,14
5,14
5,14
5,14
5,14
5,14
5,14
5,14
7,14
4,14
4,14
4,14
4,14
4,14
4,14
4,14
4,14
4,14
4,14
4,14
4,14
4,14
4,14
8,14
5,14
5,14
5,14
5,14
5,14
5,14
5,14
5,14
5,14
5,14
5,14
5,14
5,14
5,14
5,14
5,14
11,14
11,14
11,14
6,14
6,14
6,14
6,14
6,14
6,14
6,14
6,14
6,14
6,14
6,14
10,14
4,14
4,14
4,14
4,14
4,14
4,14
4,14
4,14
4,14
4,14
4,14
4,14
4,14
4,14
9,14
6,14
6,14
6,14
6,14
6,14
6,14
6,14
6,14
6,14
6,14
6,14
6,14
6,14
6,14
12,14
12,14
1,14
1,14
1,14
1,14
1,14
1,14
1,14
1,14
1,14
1,14
1,14
1,14
1,14
1,14
1,14
1,14
1,14
1,14
1,14
1,14
1,14
1,14
1,14
1,14
1,14
1,14
1,14
1,14
1,14
3,14
3,14
3,14
3,14
3,14
3,14
3,14
2,14
2,14
2,14
2,14
2,14
2,14
2,14
2,14
2,14
3,14
3,14
3,14
3,14
3,14
3,14
3,14
2,14
2,14
2,14
2,14
2,14
2,14
2,14
2,14
2,14
2,14
3,14
3,14
3,14
3,14
3,14
3,14
3,14
2,14
2,14
2,14
2,14
2,14
2,14
2,14
2,14
5,15
5,15
5,15
5,15
5,15
5,15
5,15
5,15
5,15
5,15
5,15
5,15
5,15
7,15
4,15
4,15
4,15
4,15
4,15
4,15
4,15
4,15
4,15
4,15
4,15
4,15
5,15
5,15
5,15
5,15
5,15
5,15
5,15
5,15
5,15
5,15
5,15
5,15
5,15
5,15
5,15
11,15
11,15
6,15
6,15
6,15
6,15
6,15
6,15
6,15
6,15
6,15
6,15
6,15
6,15
6,15
10,15
4,15
4,15
4,15
4,15
4,15
4,15
4,15
4,15
4,15
4,15
4,15
4,15
4,15
4,15
4,15
4,15
9,15
9,15
6,15
6,15
6,15
6,15
6,15
6,15
6,15
6,15
6,15
6,15
6,15
6,15
6,15
6,15
6,15
6,15
6,15
6,15
6,15
6,15
6,15
6,15
6,15
12,15
12,15
1,15
1,15
1,15
1,15
1,15
1,15
1,15
1,15
1,15
1,15
1,15
1,15
1,15
1,15
1,15
1,15
1,15
1,15
1,15
1,15
1,15
1,15
1,15
1,15
1,15
1,15
1,15
1,15
3,15
3,15
3,15
3,15
3,15
3,15
3,15
2,15
2,15
2,15
2,15
2,15
2,15
2,15
2,15
3,15
3,15
3,15
3,15
3,15
3,15
3,15
2,15
2,15
2,15
2,15
2,15
2,15
2,15
2,15
3,15
3,15
3,15
3,15
3,15
3,15
3,15
2,15
2,15
2,15
2,15
2,15
2,15
2,15
2,15
5,15
5,15
5,15
5,15
5,15
5,15
5,15
5,15
5,15
5,15
5,15
5,15
5,15
5,15
5,15
7,15
4,15
4,15
4,15
4,15
4,15
4,15
4,15
4,15
4,15
4,15
4,15
4,15
4,15
4,15
4,15
8,15
5,15
5,15
5,15
5,15
5,15
5,15
5,15
5,15
5,15
5,15
5,15
5,15
11,15
11,15
11,15
6,15
6,15
6,15
6,15
6,15
6,15
6,15
6,15
6,15
6,15
6,15
6,15
6,15
6,15
6,15
6,15
6,15
10,15
4,15
4,15
4,15
4,15
4,15
4,15
4,15
4,15
4,15
4,15
4,15
4,15
4,15
4,15
4,15
4,15
4,15
4,15
9,15
9,15
6,15
6,15
6,15
6,15
6,15
6,15
6,15
6,15
6,15
6,15
6,15
6,15
6,15
6,15
6,15
6,15
6,15
6,15
6,15
6,15
6,15
12,15
1,15
1,15
1,15
1,15
1,15
1,15
1,15
1,15
1,15
1,15
1,15
1,15
1,15
1,15
1,15
1,15
1,15
1,15
1,15
1,15
1,15
1,15
1,15
1,15
1,15
1,15
3,15
3,15
3,15
3,15
3,15
3,15
3,15
2,15
2,15
2,15
2,15
2,15
2,15
2,15
2,15
3,15
3,15
3,15
3,15
3,15
3,15
3,15
2,15
2,15
2,15
2,15
2,15
2,15
2,15
2,15
3,15
3,15
3,15
3,15
3,15
3,15
3,15
2,15
2,15
2,15
2,15
2,15
2,15
2,15
2,15
5,16
5,16
5,16
5,16
5,16
5,16
5,16
5,16
5,16
5,16
5,16
5,16
5,16
5,16
5,16
5,16
5,16
5,16
5,16
5,16
7,16
4,16
4,16
4,16
4,16
4,16
4,16
4,16
4,16
4,16
4,16
4,16
4,16
4,16
4,16
4,16
5,16
5,16
5,16
5,16
5,16
5,16
5,16
5,16
5,16
5,16
5,16
5,16
5,16
5,16
5,16
5,16
5,16
11,16
11,16
6,16
6,16
6,16
6,16
6,16
6,16
6,16
6,16
6,16
6,16
6,16
6,16
6,16
6,16
6,16
6,16
6,16
10,16
4,16
4,16
4,16
4,16
4,16
4,16
4,16
4,16
4,16
4,16
4,16
4,16
4,16
4,16
4,16
9,16
9,16
6,16
6,16
6,16
6,16
6,16
6,16
6,16
6,16
6,16
6,16
6,16
6,16
6,16
6,16
6,16
6,16
6,16
6,16
12,16
1,16
1,16
1,16
1,16
1,16
1,16
1,16
1,16
1,16
1,16
1,16
1,16
1,16
1,16
1,16
1,16
1,16
1,16
1,16
1,16
1,16
1,16
1,16
1,16
1,16
1,16
3,16
3,16
3,16
3,16
3,16
3,16
3,16
3,16
2,16
2,16
2,16
2,16
2,16
2,16
2,16
2,16
2,16
3,16
3,16
3,16
3,16
3,16
3,16
3,16
3,16
2,16
2,16
2,16
2,16
2,16
2,16
2,16
2,16
2,16
3,16
3,16
3,16
3,16
3,16
3,16
3,16
3,16
2,16
2,16
2,16
2,16
2,16
2,16
2,16
2,16
2,16
5,16
5,16
5,16
5,16
5,16
5,16
5,16
5,16
5,16
5,16
5,16
5,16
5,16
5,16
5,16
5,16
5,16
5,16
5,16
5,16
5,16
5,16
5,16
5,16
5,16
7,16
4,16
4,16
4,16
4,16
4,16
4,16
4,16
4,16
4,16
4,16
4,16
4,16
4,16
4,16
4,16
4,16
4,16
4,16
4,16
4,16
4,16
4,16
5,16
5,16
5,16
5,16
5,16
5,16
5,16
5,16
5,16
5,16
5,16
5,16
5,16
5,16
5,16
5,16
5,16
5,16
11,16
11,16
6,16
6,16
6,16
6,16
6,16
6,16
6,16
6,16
6,16
6,16
6,16
6,16
6,16
6,16
6,16
6,16
6,16
6,16
6,16
10,16
4,16
4,16
4,16
4,16
4,16
4,16
4,16
4,16
4,16
4,16
4,16
4,16
4,16
4,16
4,16
9,16
6,16
6,16
6,16
6,16
6,16
6,16
6,16
6,16
6,16
6,16
6,16
6,16
6,16
6,16
6,16
6,16
12,16
1,16
1,16
1,16
1,16
1,16
1,16
1,16
1,16
1,16
1,16
1,16
1,16
1,16
1,16
1,16
1,16
1,16
1,16
1,16
1,16
1,16
1,16
1,16
1,16
1,16
3,16
3,16
3,16
3,16
3,16
3,16
3,16
2,16
2,16
2,16
2,16
2,16
2,16
2,16
2,16
3,16
3,16
3,16
3,16
3,16
3,16
3,16
3,16
2,16
2,16
2,16
2,16
2,16
2,16
2,16
2,16
3,16
3,16
3,16
3,16
3,16
3,16
3,16
3,16
2,16
2,16
2,16
2,16
2,16
2,16
2,16
2,16
5,17
5,17
5,17
5,17
5,17
5,17
5,17
5,17
5,17
5,17
5,17
5,17
5,17
5,17
5,17
5,17
5,17
5,17
5,17
5,17
5,17
5,17
5,17
5,17
5,17
5,17
5,17
5,17
5,17
5,17
7,17
4,17
4,17
4,17
4,17
4,17
4,17
4,17
4,17
4,17
4,17
4,17
4,17
4,17
4,17
4,17
4,17
8,17
5,17
5,17
5,17
5,17
5,17
5,17
5,17
5,17
5,17
5,17
5,17
5,17
5,17
5,17
5,17
5,17
11,17
11,17
6,17
6,17
6,17
6,17
6,17
6,17
6,17
6,17
6,17
6,17
6,17
6,17
6,17
6,17
6,17
10,17
10,17
4,17
4,17
4,17
4,17
4,17
4,17
4,17
4,17
4,17
4,17
4,17
4,17
4,17
4,17
4,17
4,17
4,17
9,17
9,17
9,17
6,17
6,17
6,17
6,17
6,17
6,17
6,17
6,17
6,17
6,17
6,17
6,17
6,17
6,17
6,17
6,17
6,17
6,17
6,17
6,17
6,17
6,17
12,17
12,17
1,17
1,17
1,17
1,17
1,17
1,17
1,17
1,17
1,17
1,17
1,17
1,17
1,17
1,17
1,17
1,17
1,17
1,17
1,17
1,17
1,17
1,17
1,17
1,17
1,17
1,17
1,17
1,17
1,17
1,17
1,17
1,17
3,17
3,17
3,17
3,17
3,17
3,17
3,17
3,17
3,17
2,17
2,17
2,17
2,17
2,17
2,17
2,17
2,17
3,17
3,17
3,17
3,17
3,17
3,17
3,17
3,17
2,17
2,17
2,17
2,17
2,17
2,17
2,17
2,17
3,17
3,17
3,17
3,17
3,17
3,17
3,17
2,17
2,17
2,17
2,17
2,17
2,17
2,17
2,17
5,17
5,17
5,17
5,17
5,17
5,17
5,17
5,17
5,17
5,17
5,17
5,17
5,17
5,17
5,17
5,17
5,17
5,17
7,17
4,17
4,17
4,17
4,17
4,17
4,17
4,17
4,17
4,17
4,17
4,17
4,17
4,17
4,17
4,17
4,17
8,17
5,17
5,17
5,17
5,17
5,17
5,17
5,17
5,17
5,17
5,17
5,17
5,17
5,17
5,17
5,17
5,17
5,17
5,17
5,17
11,17
11,17
11,17
11,17
6,17
6,17
6,17
6,17
6,17
6,17
6,17
6,17
6,17
6,17
6,17
6,17
6,17
6,17
6,17
10,17
10,17
10,17
4,17
4,17
4,17
4,17
4,17
4,17
4,17
4,17
4,17
4,17
4,17
4,17
4,17
4,17
4,17
9,17
9,17
6,17
6,17
6,17
6,17
6,17
6,17
6,17
6,17
6,17
6,17
6,17
6,17
6,17
6,17
6,17
6,17
6,17
6,17
6,17
6,17
6,17
6,17
12,17
12,17
1,17
1,17
1,17
1,17
1,17
1,17
1,17
1,17
1,17
1,17
1,17
1,17
1,17
1,17
1,17
1,17
1,17
1,17
1,17
1,17
1,17
1,17
1,17
1,17
1,17
1,17
1,17
1,17
1,17
3,17
3,17
3,17
3,17
3,17
3,17
3,17
3,17
2,17
2,17
2,17
2,17
2,17
2,17
2,17
2,17
3,17
3,17
3,17
3,17
3,17
3,17
3,17
2,17
2,17
2,17
2,17
2,17
2,17
2,17
2,17
3,17
3,17
3,17
3,17
3,17
3,17
3,17
3,17
2,17
2,17
2,17
2,17
2,17
2,17
2,17
2,17
5,19
5,19
5,19
5,19
5,19
5,19
5,19
5,19
5,19
5,19
5,19
5,19
5,19
5,19
5,19
5,19
5,19
5,19
5,19
5,19
7,19
4,19
4,19
4,19
4,19
4,19
4,19
4,19
4,19
4,19
4,19
4,19
4,19
4,19
4,19
4,19
4,19
4,19
4,19
4,19
8,19
5,19
5,19
5,19
5,19
5,19
5,19
5,19
5,19
5,19
5,19
5,19
5,19
5,19
5,19
5,19
5,19
5,19
5,19
5,19
5,19
5,19
11,19
11,19
11,19
6,19
6,19
6,19
6,19
6,19
6,19
6,19
6,19
6,19
6,19
6,19
6,19
6,19
6,19
6,19
6,19
6,19
6,19
6,19
6,19
6,19
10,19
10,19
4,19
4,19
4,19
4,19
4,19
4,19
4,19
4,19
4,19
4,19
4,19
4,19
4,19
4,19
4,19
4,19
4,19
4,19
4,19
9,19
6,19
6,19
6,19
6,19
6,19
6,19
6,19
6,19
6,19
6,19
6,19
6,19
6,19
6,19
6,19
6,19
6,19
6,19
6,19
6,19
6,19
12,19
1,19
1,19
1,19
1,19
1,19
1,19
1,19
1,19
1,19
1,19
1,19
1,19
1,19
1,19
1,19
1,19
1,19
1,19
1,19
1,19
1,19
1,19
1,19
1,19
1,19
1,19
1,19
3,19
3,19
3,19
3,19
3,19
3,19
3,19
2,19
2,19
2,19
2,19
2,19
2,19
2,19
3,19
3,19
3,19
3,19
3,19
3,19
3,19
2,19
2,19
2,19
2,19
2,19
2,19
2,19
3,19
3,19
3,19
3,19
3,19
3,19
3,19
2,19
2,19
2,19
2,19
2,19
2,19
2,19
5,19
5,19
5,19
5,19
5,19
5,19
5,19
5,19
5,19
5,19
5,19
5,19
5,19
5,19
5,19
5,19
5,19
7,19
4,19
4,19
4,19
4,19
4,19
4,19
4,19
4,19
4,19
4,19
4,19
4,19
4,19
4,19
4,19
5,19
5,19
5,19
5,19
5,19
5,19
5,19
5,19
5,19
5,19
5,19
5,19
5,19
5,19
5,19
5,19
11,19
11,19
11,19
11,19
6,19
6,19
6,19
6,19
6,19
6,19
6,19
6,19
6,19
6,19
6,19
6,19
6,19
6,19
6,19
6,19
6,19
6,19
6,19
6,19
6,19
6,19
6,19
10,19
4,19
4,19
4,19
4,19
4,19
4,19
4,19
4,19
4,19
4,19
4,19
4,19
4,19
4,19
4,19
4,19
4,19
4,19
4,19
4,19
4,19
9,19
9,19
6,19
6,19
6,19
6,19
6,19
6,19
6,19
6,19
6,19
6,19
6,19
6,19
6,19
6,19
6,19
6,19
6,19
6,19
6,19
12,19
1,19
1,19
1,19
1,19
1,19
1,19
1,19
1,19
1,19
1,19
1,19
1,19
1,19
1,19
1,19
1,19
1,19
1,19
1,19
1,19
1,19
1,19
1,19
1,19
1,19
3,19
3,19
3,19
3,19
3,19
3,19
2,19
2,19
2,19
2,19
2,19
2,19
2,19
3,19
3,19
3,19
3,19
3,19
3,19
2,19
2,19
2,19
2,19
2,19
2,19
3,19
3,19
3,19
3,19
3,19
3,19
2,19
2,19
2,19
2,19
2,19
2,19
5,21
5,21
5,21
5,21
5,21
5,21
5,21
5,21
5,21
5,21
5,21
5,21
5,21
5,21
5,21
5,21
5,21
5,21
5,21
5,21
5,21
5,21
5,21
5,21
7,21
4,21
4,21
4,21
4,21
4,21
4,21
4,21
4,21
4,21
4,21
4,21
4,21
4,21
4,21
4,21
4,21
4,21
4,21
4,21
4,21
4,21
4,21
4,21
8,21
5,21
5,21
5,21
5,21
5,21
5,21
5,21
5,21
5,21
5,21
5,21
5,21
5,21
5,21
5,21
5,21
5,21
5,21
5,21
5,21
5,21
5,21
5,21
5,21
5,21
11,21
11,21
11,21
6,21
6,21
6,21
6,21
6,21
6,21
6,21
6,21
6,21
6,21
6,21
6,21
6,21
6,21
6,21
6,21
6,21
6,21
6,21
10,21
10,21
4,21
4,21
4,21
4,21
4,21
4,21
4,21
4,21
4,21
4,21
4,21
4,21
4,21
4,21
4,21
4,21
4,21
4,21
4,21
4,21
4,21
4,21
4,21
4,21
9,21
9,21
6,21
6,21
6,21
6,21
6,21
6,21
6,21
6,21
6,21
6,21
6,21
6,21
6,21
6,21
6,21
6,21
6,21
6,21
6,21
6,21
6,21
6,21
6,21
6,21
6,21
12,21
12,21
1,21
1,21
1,21
1,21
1,21
1,21
1,21
1,21
1,21
1,21
1,21
1,21
1,21
1,21
1,21
1,21
1,21
1,21
1,21
1,21
1,21
1,21
1,21
1,21
1,21
1,21
1,21
3,21
3,21
3,21
3,21
3,21
3,21
3,21
2,21
2,21
2,21
2,21
2,21
2,21
2,21
2,21
2,21
3,21
3,21
3,21
3,21
3,21
3,21
3,21
3,21
2,21
2,21
2,21
2,21
2,21
2,21
2,21
2,21
3,21
3,21
3,21
3,21
3,21
3,21
3,21
3,21
2,21
2,21
2,21
2,21
2,21
2,21
2,21
2,21
5,21
5,21
5,21
5,21
5,21
5,21
5,21
5,21
5,21
5,21
5,21
5,21
5,21
5,21
5,21
5,21
5,21
5,21
5,21
5,21
5,21
5,21
5,21
7,21
4,21
4,21
4,21
4,21
4,21
4,21
4,21
4,21
4,21
4,21
4,21
4,21
4,21
4,21
4,21
4,21
4,21
4,21
5,21
5,21
5,21
5,21
5,21
5,21
5,21
5,21
5,21
5,21
5,21
5,21
5,21
5,21
5,21
5,21
5,21
5,21
5,21
5,21
5,21
5,21
11,21
11,21
11,21
6,21
6,21
6,21
6,21
6,21
6,21
6,21
6,21
6,21
6,21
6,21
6,21
6,21
6,21
6,21
6,21
6,21
6,21
6,21
6,21
6,21
6,21
6,21
6,21
10,21
10,21
4,21
4,21
4,21
4,21
4,21
4,21
4,21
4,21
4,21
4,21
4,21
4,21
4,21
4,21
4,21
4,21
4,21
4,21
4,21
4,21
9,21
9,21
6,21
6,21
6,21
6,21
6,21
6,21
6,21
6,21
6,21
6,21
6,21
6,21
6,21
6,21
6,21
6,21
6,21
6,21
6,21
6,21
6,21
6,21
12,21
12,21
1,21
1,21
1,21
1,21
1,21
1,21
1,21
1,21
1,21
1,21
1,21
1,21
1,21
1,21
1,21
1,21
1,21
1,21
1,21
1,21
1,21
1,21
1,21
1,21
1,21
3,21
3,21
3,21
3,21
3,21
3,21
3,21
3,21
2,21
2,21
2,21
2,21
2,21
2,21
2,21
2,21
3,21
3,21
3,21
3,21
3,21
3,21
3,21
2,21
2,21
2,21
2,21
2,21
2,21
2,21
3,21
3,21
3,21
3,21
3,21
3,21
3,21
2,21
2,21
2,21
2,21
2,21
2,21
2,21
5,22
5,22
5,22
5,22
5,22
5,22
5,22
5,22
5,22
5,22
5,22
5,22
5,22
5,22
5,22
5,22
7,22
7,22
4,22
4,22
4,22
4,22
4,22
4,22
4,22
4,22
4,22
4,22
4,22
4,22
4,22
4,22
4,22
5,22
5,22
5,22
5,22
5,22
5,22
5,22
5,22
5,22
5,22
5,22
5,22
5,22
5,22
5,22
5,22
11,22
6,22
6,22
6,22
6,22
6,22
6,22
6,22
6,22
6,22
6,22
6,22
6,22
6,22
6,22
6,22
10,22
4,22
4,22
4,22
4,22
4,22
4,22
4,22
4,22
4,22
4,22
4,22
4,22
4,22
4,22
4,22
4,22
4,22
4,22
9,22
6,22
6,22
6,22
6,22
6,22
6,22
6,22
6,22
6,22
6,22
6,22
6,22
6,22
6,22
6,22
6,22
6,22
6,22
6,22
6,22
6,22
6,22
12,22
12,22
12,22
1,22
1,22
1,22
1,22
1,22
1,22
1,22
1,22
1,22
1,22
1,22
1,22
1,22
1,22
1,22
1,22
1,22
1,22
1,22
1,22
1,22
1,22
1,22
3,22
3,22
3,22
3,22
3,22
3,22
2,22
2,22
2,22
2,22
2,22
2,22
2,22
3,22
3,22
3,22
3,22
3,22
3,22
2,22
2,22
2,22
2,22
2,22
2,22
2,22
3,22
3,22
3,22
3,22
3,22
3,22
2,22
2,22
2,22
2,22
2,22
2,22
2,22
5,22
5,22
5,22
5,22
5,22
5,22
5,22
5,22
5,22
5,22
5,22
5,22
5,22
5,22
5,22
5,22
5,22
5,22
4,22
4,22
4,22
4,22
4,22
4,22
4,22
4,22
4,22
4,22
4,22
4,22
4,22
4,22
5,22
5,22
5,22
5,22
5,22
5,22
5,22
5,22
5,22
5,22
5,22
5,22
5,22
5,22
5,22
11,22
6,22
6,22
6,22
6,22
6,22
6,22
6,22
6,22
6,22
6,22
6,22
6,22
6,22
6,22
6,22
6,22
6,22
6,22
6,22
6,22
10,22
4,22
4,22
4,22
4,22
4,22
4,22
4,22
4,22
4,22
4,22
4,22
4,22
4,22
4,22
4,22
9,22
6,22
6,22
6,22
6,22
6,22
6,22
6,22
6,22
6,22
6,22
6,22
6,22
6,22
6,22
6,22
10,22
1,22
1,22
1,22
1,22
1,22
1,22
1,22
1,22
1,22
1,22
1,22
1,22
1,22
1,22
1,22
1,22
1,22
1,22
1,22
1,22
1,22
1,22
1,22
3,22
3,22
3,22
3,22
3,22
3,22
2,22
2,22
2,22
2,22
2,22
2,22
2,22
3,22
3,22
3,22
3,22
3,22
3,22
2,22
2,22
2,22
2,22
2,22
2,22
2,22
3,22
3,22
3,22
3,22
3,22
3,22
2,22
2,22
2,22
2,22
2,22
2,22
2,22
5,23
5,23
5,23
5,23
5,23
5,23
5,23
5,23
5,23
5,23
5,23
5,23
5,23
5,23
5,23
5,23
5,23
5,23
5,23
7,23
4,23
4,23
4,23
4,23
4,23
4,23
4,23
4,23
4,23
4,23
4,23
4,23
4,23
4,23
4,23
4,23
4,23
4,23
4,23
5,23
5,23
5,23
5,23
5,23
5,23
5,23
5,23
5,23
5,23
5,23
5,23
5,23
5,23
5,23
5,23
11,23
11,23
6,23
6,23
6,23
6,23
6,23
6,23
6,23
6,23
6,23
6,23
6,23
6,23
6,23
6,23
6,23
10,23
4,23
4,23
4,23
4,23
4,23
4,23
4,23
4,23
4,23
4,23
4,23
4,23
4,23
4,23
4,23
4,23
4,23
4,23
4,23
4,23
9,23
9,23
6,23
6,23
6,23
6,23
6,23
6,23
6,23
6,23
6,23
6,23
6,23
6,23
6,23
6,23
6,23
6,23
6,23
6,23
12,23
1,23
1,23
1,23
1,23
1,23
1,23
1,23
1,23
1,23
1,23
1,23
1,23
1,23
1,23
1,23
1,23
1,23
1,23
1,23
1,23
1,23
1,23
1,23
1,23
1,23
1,23
1,23
1,23
1,23
1,23
3,23
3,23
3,23
3,23
3,23
3,23
3,23
3,23
3,23
2,23
2,23
2,23
2,23
2,23
2,23
2,23
2,23
2,23
3,23
3,23
3,23
3,23
3,23
3,23
3,23
3,23
3,23
2,23
2,23
2,23
2,23
2,23
2,23
2,23
2,23
3,23
3,23
3,23
3,23
3,23
3,23
3,23
3,23
3,23
2,23
2,23
2,23
2,23
2,23
2,23
2,23
2,23
5,23
5,23
5,23
5,23
5,23
5,23
5,23
5,23
5,23
5,23
5,23
5,23
5,23
5,23
5,23
5,23
5,23
7,23
7,23
4,23
4,23
4,23
4,23
4,23
4,23
4,23
4,23
4,23
4,23
4,23
4,23
4,23
8,23
5,23
5,23
5,23
5,23
5,23
5,23
5,23
5,23
5,23
5,23
5,23
5,23
5,23
5,23
5,23
5,23
5,23
5,23
5,23
11,23
11,23
11,23
6,23
6,23
6,23
6,23
6,23
6,23
6,23
6,23
6,23
6,23
6,23
6,23
6,23
6,23
6,23
6,23
6,23
6,23
6,23
6,23
6,23
6,23
6,23
10,23
4,23
4,23
4,23
4,23
4,23
4,23
4,23
4,23
4,23
4,23
4,23
4,23
4,23
4,23
4,23
4,23
9,23
9,23
6,23
6,23
6,23
6,23
6,23
6,23
6,23
6,23
6,23
6,23
6,23
6,23
6,23
6,23
6,23
6,23
12,23
1,23
1,23
1,23
1,23
1,23
1,23
1,23
1,23
1,23
1,23
1,23
1,23
1,23
1,23
1,23
1,23
1,23
1,23
1,23
1,23
1,23
1,23
1,23
1,23
1,23
1,23
1,23
1,23
1,23
3,23
3,23
3,23
3,23
3,23
3,23
3,23
3,23
3,23
2,23
2,23
2,23
2,23
2,23
2,23
2,23
2,23
3,23
3,23
3,23
3,23
3,23
3,23
3,23
3,23
3,23
2,23
2,23
2,23
2,23
2,23
2,23
2,23
2,23
2,23
3,23
3,23
3,23
3,23
3,23
3,23
3,23
3,23
3,23
2,23
2,23
2,23
2,23
2,23
2,23
2,23
2,23
2,23
5,25
5,25
5,25
5,25
5,25
5,25
5,25
5,25
5,25
5,25
5,25
5,25
5,25
5,25
5,25
5,25
5,25
5,25
5,25
7,25
4,25
4,25
4,25
4,25
4,25
4,25
4,25
4,25
4,25
4,25
4,25
4,25
4,25
4,25
4,25
4,25
4,25
8,25
5,25
5,25
5,25
5,25
5,25
5,25
5,25
5,25
5,25
5,25
5,25
5,25
5,25
5,25
5,25
5,25
5,25
5,25
11,25
6,25
6,25
6,25
6,25
6,25
6,25
6,25
6,25
6,25
6,25
6,25
6,25
6,25
6,25
6,25
6,25
6,25
6,25
6,25
6,25
10,25
10,25
10,25
4,25
4,25
4,25
4,25
4,25
4,25
4,25
4,25
4,25
4,25
4,25
4,25
4,25
4,25
4,25
4,25
4,25
4,25
9,25
9,25
6,25
6,25
6,25
6,25
6,25
6,25
6,25
6,25
6,25
6,25
6,25
6,25
6,25
6,25
6,25
12,25
12,25
12,25
12,25
1,25
1,25
1,25
1,25
1,25
1,25
1,25
1,25
1,25
1,25
1,25
1,25
1,25
1,25
1,25
1,25
1,25
1,25
1,25
1,25
1,25
1,25
1,25
1,25
1,25
1,25
1,25
1,25
1,25
1,25
1,25
1,25
1,25
1,25
1,25
1,25
3,25
3,25
3,25
3,25
3,25
3,25
3,25
3,25
3,25
2,25
2,25
2,25
2,25
2,25
2,25
2,25
2,25
2,25
2,25
2,25
3,25
3,25
3,25
3,25
3,25
3,25
3,25
3,25
3,25
3,25
2,25
2,25
2,25
2,25
2,25
2,25
2,25
2,25
2,25
2,25
2,25
2,25
3,25
3,25
3,25
3,25
3,25
3,25
3,25
3,25
3,25
3,25
3,25
2,25
2,25
2,25
2,25
2,25
2,25
2,25
2,25
2,25
2,25
2,25
2,25
5,25
5,25
5,25
5,25
5,25
5,25
5,25
5,25
5,25
5,25
5,25
5,25
5,25
5,25
5,25
5,25
5,25
5,25
7,25
7,25
4,25
4,25
4,25
4,25
4,25
4,25
4,25
4,25
4,25
4,25
4,25
4,25
4,25
4,25
4,25
8,25
5,25
5,25
5,25
5,25
5,25
5,25
5,25
5,25
5,25
5,25
5,25
5,25
5,25
5,25
5,25
5,25
5,25
5,25
5,25
5,25
11,25
11,25
6,25
6,25
6,25
6,25
6,25
6,25
6,25
6,25
6,25
6,25
6,25
6,25
6,25
6,25
6,25
6,25
6,25
6,25
6,25
6,25
6,25
10,25
10,25
4,25
4,25
4,25
4,25
4,25
4,25
4,25
4,25
4,25
4,25
4,25
4,25
4,25
4,25
4,25
4,25
9,25
6,25
6,25
6,25
6,25
6,25
6,25
6,25
6,25
6,25
6,25
6,25
6,25
6,25
6,25
6,25
6,25
6,25
6,25
6,25
12,25
1,25
1,25
1,25
1,25
1,25
1,25
1,25
1,25
1,25
1,25
1,25
1,25
1,25
1,25
1,25
1,25
1,25
1,25
1,25
1,25
1,25
1,25
1,25
1,25
1,25
1,25
1,25
1,25
1,25
1,25
1,25
1,25
1,25
1,25
1,25
1,25
1,25
1,25
3,25
3,25
3,25
3,25
3,25
3,25
3,25
3,25
3,25
2,25
2,25
2,25
2,25
2,25
2,25
2,25
2,25
2,25
2,25
3,25
3,25
3,25
3,25
3,25
3,25
3,25
3,25
3,25
2,25
2,25
2,25
2,25
2,25
2,25
2,25
2,25
2,25
2,25
3,25
3,25
3,25
3,25
3,25
3,25
3,25
3,25
3,25
3,25
2,25
2,25
2,25
2,25
2,25
2,25
2,25
2,25
2,25
2,25
5,26
5,26
5,26
5,26
5,26
5,26
5,26
5,26
5,26
5,26
5,26
5,26
5,26
5,26
5,26
5,26
5,26
5,26
5,26
5,26
5,26
5,26
5,26
5,26
5,26
7,26
4,26
4,26
4,26
4,26
4,26
4,26
4,26
4,26
4,26
4,26
4,26
4,26
4,26
4,26
4,26
4,26
4,26
4,26
4,26
4,26
4,26
8,26
5,26
5,26
5,26
5,26
5,26
5,26
5,26
5,26
5,26
5,26
5,26
5,26
5,26
5,26
5,26
11,26
6,26
6,26
6,26
6,26
6,26
6,26
6,26
6,26
6,26
6,26
6,26
6,26
6,26
6,26
6,26
6,26
6,26
10,26
4,26
4,26
4,26
4,26
4,26
4,26
4,26
4,26
4,26
4,26
4,26
4,26
4,26
4,26
4,26
4,26
4,26
4,26
4,26
4,26
4,26
4,26
4,26
4,26
9,26
6,26
6,26
6,26
6,26
6,26
6,26
6,26
6,26
6,26
6,26
6,26
6,26
6,26
6,26
6,26
6,26
6,26
12,26
12,26
1,26
1,26
1,26
1,26
1,26
1,26
1,26
1,26
1,26
1,26
1,26
1,26
1,26
1,26
1,26
1,26
1,26
1,26
1,26
1,26
1,26
1,26
1,26
1,26
1,26
1,26
1,26
1,26
3,26
3,26
3,26
3,26
3,26
3,26
3,26
3,26
2,26
2,26
2,26
2,26
2,26
2,26
2,26
2,26
2,26
2,26
3,26
3,26
3,26
3,26
3,26
3,26
3,26
3,26
2,26
2,26
2,26
2,26
2,26
2,26
2,26
2,26
2,26
3,26
3,26
3,26
3,26
3,26
3,26
3,26
3,26
3,26
2,26
2,26
2,26
2,26
2,26
2,26
2,26
